--
-- PostgreSQL database dump
--

-- Dumped from database version 12.9 (Ubuntu 12.9-2.pgdg20.04+1)
-- Dumped by pg_dump version 12.9 (Ubuntu 12.9-2.pgdg20.04+1)

SET statement_timeout = 0;
SET lock_timeout = 0;
SET idle_in_transaction_session_timeout = 0;
SET client_encoding = 'UTF8';
SET standard_conforming_strings = on;
SELECT pg_catalog.set_config('search_path', '', false);
SET check_function_bodies = false;
SET xmloption = content;
SET client_min_messages = warning;
SET row_security = off;

DROP DATABASE universe;
--
-- Name: universe; Type: DATABASE; Schema: -; Owner: freecodecamp
--

CREATE DATABASE universe WITH TEMPLATE = template0 ENCODING = 'UTF8' LC_COLLATE = 'C.UTF-8' LC_CTYPE = 'C.UTF-8';


ALTER DATABASE universe OWNER TO freecodecamp;

\connect universe

SET statement_timeout = 0;
SET lock_timeout = 0;
SET idle_in_transaction_session_timeout = 0;
SET client_encoding = 'UTF8';
SET standard_conforming_strings = on;
SELECT pg_catalog.set_config('search_path', '', false);
SET check_function_bodies = false;
SET xmloption = content;
SET client_min_messages = warning;
SET row_security = off;

SET default_tablespace = '';

SET default_table_access_method = heap;

--
-- Name: astronaut; Type: TABLE; Schema: public; Owner: freecodecamp
--

CREATE TABLE public.astronaut (
    name character varying(100) NOT NULL,
    astronaut_id integer NOT NULL,
    date_of_birth date
);


ALTER TABLE public.astronaut OWNER TO freecodecamp;

--
-- Name: astronaut_astronaut_id_seq; Type: SEQUENCE; Schema: public; Owner: freecodecamp
--

CREATE SEQUENCE public.astronaut_astronaut_id_seq
    AS integer
    START WITH 1
    INCREMENT BY 1
    NO MINVALUE
    NO MAXVALUE
    CACHE 1;


ALTER TABLE public.astronaut_astronaut_id_seq OWNER TO freecodecamp;

--
-- Name: astronaut_astronaut_id_seq; Type: SEQUENCE OWNED BY; Schema: public; Owner: freecodecamp
--

ALTER SEQUENCE public.astronaut_astronaut_id_seq OWNED BY public.astronaut.astronaut_id;


--
-- Name: galaxy; Type: TABLE; Schema: public; Owner: freecodecamp
--

CREATE TABLE public.galaxy (
    galaxy_id integer NOT NULL,
    name character varying(100) NOT NULL,
    observational_first integer,
    size numeric,
    type character varying(100)
);


ALTER TABLE public.galaxy OWNER TO freecodecamp;

--
-- Name: galaxy_galaxy_id_seq; Type: SEQUENCE; Schema: public; Owner: freecodecamp
--

CREATE SEQUENCE public.galaxy_galaxy_id_seq
    AS integer
    START WITH 1
    INCREMENT BY 1
    NO MINVALUE
    NO MAXVALUE
    CACHE 1;


ALTER TABLE public.galaxy_galaxy_id_seq OWNER TO freecodecamp;

--
-- Name: galaxy_galaxy_id_seq; Type: SEQUENCE OWNED BY; Schema: public; Owner: freecodecamp
--

ALTER SEQUENCE public.galaxy_galaxy_id_seq OWNED BY public.galaxy.galaxy_id;


--
-- Name: moon; Type: TABLE; Schema: public; Owner: freecodecamp
--

CREATE TABLE public.moon (
    moon_id integer NOT NULL,
    name character varying(100),
    habitability boolean NOT NULL,
    planet_id integer,
    size numeric
);


ALTER TABLE public.moon OWNER TO freecodecamp;

--
-- Name: moon_moon_id_seq; Type: SEQUENCE; Schema: public; Owner: freecodecamp
--

CREATE SEQUENCE public.moon_moon_id_seq
    AS integer
    START WITH 1
    INCREMENT BY 1
    NO MINVALUE
    NO MAXVALUE
    CACHE 1;


ALTER TABLE public.moon_moon_id_seq OWNER TO freecodecamp;

--
-- Name: moon_moon_id_seq; Type: SEQUENCE OWNED BY; Schema: public; Owner: freecodecamp
--

ALTER SEQUENCE public.moon_moon_id_seq OWNED BY public.moon.moon_id;


--
-- Name: planet; Type: TABLE; Schema: public; Owner: freecodecamp
--

CREATE TABLE public.planet (
    planet_id integer NOT NULL,
    name character varying(100),
    rings boolean NOT NULL,
    confirmed_moons integer,
    star_id integer
);


ALTER TABLE public.planet OWNER TO freecodecamp;

--
-- Name: planet_planet_id_seq; Type: SEQUENCE; Schema: public; Owner: freecodecamp
--

CREATE SEQUENCE public.planet_planet_id_seq
    AS integer
    START WITH 1
    INCREMENT BY 1
    NO MINVALUE
    NO MAXVALUE
    CACHE 1;


ALTER TABLE public.planet_planet_id_seq OWNER TO freecodecamp;

--
-- Name: planet_planet_id_seq; Type: SEQUENCE OWNED BY; Schema: public; Owner: freecodecamp
--

ALTER SEQUENCE public.planet_planet_id_seq OWNED BY public.planet.planet_id;


--
-- Name: star; Type: TABLE; Schema: public; Owner: freecodecamp
--

CREATE TABLE public.star (
    star_id integer NOT NULL,
    name character varying(100),
    galaxy_id integer NOT NULL,
    color text,
    size numeric
);


ALTER TABLE public.star OWNER TO freecodecamp;

--
-- Name: star_star_id_seq; Type: SEQUENCE; Schema: public; Owner: freecodecamp
--

CREATE SEQUENCE public.star_star_id_seq
    AS integer
    START WITH 1
    INCREMENT BY 1
    NO MINVALUE
    NO MAXVALUE
    CACHE 1;


ALTER TABLE public.star_star_id_seq OWNER TO freecodecamp;

--
-- Name: star_star_id_seq; Type: SEQUENCE OWNED BY; Schema: public; Owner: freecodecamp
--

ALTER SEQUENCE public.star_star_id_seq OWNED BY public.star.star_id;


--
-- Name: astronaut astronaut_id; Type: DEFAULT; Schema: public; Owner: freecodecamp
--

ALTER TABLE ONLY public.astronaut ALTER COLUMN astronaut_id SET DEFAULT nextval('public.astronaut_astronaut_id_seq'::regclass);


--
-- Name: galaxy galaxy_id; Type: DEFAULT; Schema: public; Owner: freecodecamp
--

ALTER TABLE ONLY public.galaxy ALTER COLUMN galaxy_id SET DEFAULT nextval('public.galaxy_galaxy_id_seq'::regclass);


--
-- Name: moon moon_id; Type: DEFAULT; Schema: public; Owner: freecodecamp
--

ALTER TABLE ONLY public.moon ALTER COLUMN moon_id SET DEFAULT nextval('public.moon_moon_id_seq'::regclass);


--
-- Name: planet planet_id; Type: DEFAULT; Schema: public; Owner: freecodecamp
--

ALTER TABLE ONLY public.planet ALTER COLUMN planet_id SET DEFAULT nextval('public.planet_planet_id_seq'::regclass);


--
-- Name: star star_id; Type: DEFAULT; Schema: public; Owner: freecodecamp
--

ALTER TABLE ONLY public.star ALTER COLUMN star_id SET DEFAULT nextval('public.star_star_id_seq'::regclass);


--
-- Data for Name: astronaut; Type: TABLE DATA; Schema: public; Owner: freecodecamp
--

INSERT INTO public.astronaut VALUES ('Frank Rubio', 1, '1987-08-01');
INSERT INTO public.astronaut VALUES ('Nicole Mann', 2, '1975-01-01');
INSERT INTO public.astronaut VALUES ('Josh Cassada', 3, '1962-03-28');


--
-- Data for Name: galaxy; Type: TABLE DATA; Schema: public; Owner: freecodecamp
--

INSERT INTO public.galaxy VALUES (1, 'Milky Way', NULL, NULL, NULL);
INSERT INTO public.galaxy VALUES (2, 'Messier 81', NULL, NULL, NULL);
INSERT INTO public.galaxy VALUES (3, 'Black Eye Galaxy', NULL, NULL, NULL);
INSERT INTO public.galaxy VALUES (4, 'Messier 82', NULL, NULL, NULL);
INSERT INTO public.galaxy VALUES (5, 'Andromeda Galaxy', NULL, NULL, NULL);
INSERT INTO public.galaxy VALUES (6, 'Whirlpool Galaxy', NULL, NULL, NULL);


--
-- Data for Name: moon; Type: TABLE DATA; Schema: public; Owner: freecodecamp
--

INSERT INTO public.moon VALUES (1, 'The Moon', false, 3, NULL);
INSERT INTO public.moon VALUES (2, 'Mimas', false, 6, NULL);
INSERT INTO public.moon VALUES (3, 'Enceladus', false, 6, NULL);
INSERT INTO public.moon VALUES (4, 'Miranda', false, 7, NULL);
INSERT INTO public.moon VALUES (5, 'Tethys', false, 7, NULL);
INSERT INTO public.moon VALUES (6, 'Io', false, 5, NULL);
INSERT INTO public.moon VALUES (7, 'Rhea', false, 6, NULL);
INSERT INTO public.moon VALUES (8, 'Iapetus', false, 6, NULL);
INSERT INTO public.moon VALUES (9, 'Dione', false, 6, NULL);
INSERT INTO public.moon VALUES (10, 'Titan', false, 6, NULL);
INSERT INTO public.moon VALUES (11, 'Titania', false, 7, NULL);
INSERT INTO public.moon VALUES (12, 'Ariel', false, 7, NULL);
INSERT INTO public.moon VALUES (13, 'Oberon', false, 7, NULL);
INSERT INTO public.moon VALUES (14, 'Charon', false, 11, NULL);
INSERT INTO public.moon VALUES (15, 'Namaka', false, 12, NULL);
INSERT INTO public.moon VALUES (16, 'Puck', false, 7, NULL);
INSERT INTO public.moon VALUES (17, 'Portia', false, 7, NULL);
INSERT INTO public.moon VALUES (18, 'Pandora', false, 6, NULL);
INSERT INTO public.moon VALUES (19, 'Elara', false, 5, NULL);
INSERT INTO public.moon VALUES (20, 'Pasiphae', false, 5, NULL);


--
-- Data for Name: planet; Type: TABLE DATA; Schema: public; Owner: freecodecamp
--

INSERT INTO public.planet VALUES (1, 'Mercury', false, NULL, 6);
INSERT INTO public.planet VALUES (2, 'Venus', false, NULL, 5);
INSERT INTO public.planet VALUES (3, 'Earth', false, NULL, 4);
INSERT INTO public.planet VALUES (4, 'Mars', false, NULL, 3);
INSERT INTO public.planet VALUES (5, 'Jupiter', true, NULL, 1);
INSERT INTO public.planet VALUES (6, 'Saturn', true, NULL, 2);
INSERT INTO public.planet VALUES (7, 'Uranus', true, NULL, 4);
INSERT INTO public.planet VALUES (8, 'Neptune', true, NULL, 2);
INSERT INTO public.planet VALUES (9, 'Ceres', false, NULL, 6);
INSERT INTO public.planet VALUES (10, 'Orcus', false, NULL, 1);
INSERT INTO public.planet VALUES (11, 'Pluto', false, NULL, 3);
INSERT INTO public.planet VALUES (12, 'Haumea', true, NULL, 5);


--
-- Data for Name: star; Type: TABLE DATA; Schema: public; Owner: freecodecamp
--

INSERT INTO public.star VALUES (1, 'WISE 0855-0714', 1, NULL, NULL);
INSERT INTO public.star VALUES (2, 'Wolf 359', 1, NULL, NULL);
INSERT INTO public.star VALUES (3, 'Epsilon Eridani (Ran)', 1, NULL, NULL);
INSERT INTO public.star VALUES (4, 'Procyon A and Procyon B Stars', 1, NULL, NULL);
INSERT INTO public.star VALUES (5, '61 Cygni A and 61 Cygni B Stars', 1, NULL, NULL);
INSERT INTO public.star VALUES (6, 'Tau Ceti', 1, NULL, NULL);
INSERT INTO public.star VALUES (7, 'YZ Ceti', 1, NULL, NULL);


--
-- Name: astronaut_astronaut_id_seq; Type: SEQUENCE SET; Schema: public; Owner: freecodecamp
--

SELECT pg_catalog.setval('public.astronaut_astronaut_id_seq', 3, true);


--
-- Name: galaxy_galaxy_id_seq; Type: SEQUENCE SET; Schema: public; Owner: freecodecamp
--

SELECT pg_catalog.setval('public.galaxy_galaxy_id_seq', 6, true);


--
-- Name: moon_moon_id_seq; Type: SEQUENCE SET; Schema: public; Owner: freecodecamp
--

SELECT pg_catalog.setval('public.moon_moon_id_seq', 20, true);


--
-- Name: planet_planet_id_seq; Type: SEQUENCE SET; Schema: public; Owner: freecodecamp
--

SELECT pg_catalog.setval('public.planet_planet_id_seq', 12, true);


--
-- Name: star_star_id_seq; Type: SEQUENCE SET; Schema: public; Owner: freecodecamp
--

SELECT pg_catalog.setval('public.star_star_id_seq', 7, true);


--
-- Name: astronaut astronaut_astronaut_id_key; Type: CONSTRAINT; Schema: public; Owner: freecodecamp
--

ALTER TABLE ONLY public.astronaut
    ADD CONSTRAINT astronaut_astronaut_id_key UNIQUE (astronaut_id);


--
-- Name: astronaut astronaut_name_key; Type: CONSTRAINT; Schema: public; Owner: freecodecamp
--

ALTER TABLE ONLY public.astronaut
    ADD CONSTRAINT astronaut_name_key UNIQUE (name);


--
-- Name: astronaut astronaut_pkey; Type: CONSTRAINT; Schema: public; Owner: freecodecamp
--

ALTER TABLE ONLY public.astronaut
    ADD CONSTRAINT astronaut_pkey PRIMARY KEY (astronaut_id);


--
-- Name: galaxy galaxy_pkey; Type: CONSTRAINT; Schema: public; Owner: freecodecamp
--

ALTER TABLE ONLY public.galaxy
    ADD CONSTRAINT galaxy_pkey PRIMARY KEY (galaxy_id);


--
-- Name: galaxy galaxy_unique; Type: CONSTRAINT; Schema: public; Owner: freecodecamp
--

ALTER TABLE ONLY public.galaxy
    ADD CONSTRAINT galaxy_unique UNIQUE (galaxy_id);


--
-- Name: moon moon_pkey; Type: CONSTRAINT; Schema: public; Owner: freecodecamp
--

ALTER TABLE ONLY public.moon
    ADD CONSTRAINT moon_pkey PRIMARY KEY (moon_id);


--
-- Name: moon moon_unique; Type: CONSTRAINT; Schema: public; Owner: freecodecamp
--

ALTER TABLE ONLY public.moon
    ADD CONSTRAINT moon_unique UNIQUE (moon_id);


--
-- Name: planet planet_pkey; Type: CONSTRAINT; Schema: public; Owner: freecodecamp
--

ALTER TABLE ONLY public.planet
    ADD CONSTRAINT planet_pkey PRIMARY KEY (planet_id);


--
-- Name: planet planet_unique; Type: CONSTRAINT; Schema: public; Owner: freecodecamp
--

ALTER TABLE ONLY public.planet
    ADD CONSTRAINT planet_unique UNIQUE (planet_id);


--
-- Name: star star_pkey; Type: CONSTRAINT; Schema: public; Owner: freecodecamp
--

ALTER TABLE ONLY public.star
    ADD CONSTRAINT star_pkey PRIMARY KEY (star_id);


--
-- Name: star star_unique; Type: CONSTRAINT; Schema: public; Owner: freecodecamp
--

ALTER TABLE ONLY public.star
    ADD CONSTRAINT star_unique UNIQUE (star_id);


--
-- Name: moon moon_planet_id_fkey; Type: FK CONSTRAINT; Schema: public; Owner: freecodecamp
--

ALTER TABLE ONLY public.moon
    ADD CONSTRAINT moon_planet_id_fkey FOREIGN KEY (planet_id) REFERENCES public.planet(planet_id);


--
-- Name: planet planet_star_id_fkey; Type: FK CONSTRAINT; Schema: public; Owner: freecodecamp
--

ALTER TABLE ONLY public.planet
    ADD CONSTRAINT planet_star_id_fkey FOREIGN KEY (star_id) REFERENCES public.star(star_id);


--
-- Name: star star_galaxy_id_fkey; Type: FK CONSTRAINT; Schema: public; Owner: freecodecamp
--

ALTER TABLE ONLY public.star
    ADD CONSTRAINT star_galaxy_id_fkey FOREIGN KEY (galaxy_id) REFERENCES public.galaxy(galaxy_id);


--
-- PostgreSQL database dump complete
--

